case,ssim,psnr,mse,mae,msle,psnr_01,psnr_01_eps,psnr_eps,rmse
BraTS-GLI-00017-001,0.5597420334815979,15.58155632019043,0.027659492567181587,0.11128494888544083,0.013692275620996952,15.58155632019043,15.581558227539062,15.581558227539062,0.16631142795085907
BraTS-GLI-00044-000,0.9360969066619873,17.201494216918945,0.019048046320676804,0.08323743939399719,0.007288084365427494,17.201494216918945,17.201496124267578,17.201496124267578,0.13801465928554535
BraTS-GLI-00045-000,0.7031829357147217,19.678651809692383,0.010767996311187744,0.06537745147943497,0.004470820538699627,19.678651809692383,19.678651809692383,19.678651809692383,0.1037689596414566
BraTS-GLI-00046-000,0.7429046630859375,19.347789764404297,0.01162040140479803,0.06256425380706787,0.004782960284501314,19.347789764404297,19.347789764404297,19.347789764404297,0.10779796540737152
BraTS-GLI-00087-001,0.6064738035202026,17.36407470703125,0.01834815740585327,0.0932159349322319,0.006515366490930319,17.36407470703125,17.36407470703125,17.36407470703125,0.13545536994934082
BraTS-GLI-00100-000,0.644005537033081,18.621000289916992,0.013737251982092857,0.06954652816057205,0.006583766546100378,18.621000289916992,18.621002197265625,18.621002197265625,0.11720602214336395
BraTS-GLI-00194-000,0.9010754823684692,15.754328727722168,0.008250538259744644,0.06936576962471008,0.0035069214645773172,20.835176467895508,20.83517837524414,15.733528137207031,0.09083247184753418
BraTS-GLI-00236-000,0.6570417284965515,18.264680862426758,0.01491185836493969,0.08918020129203796,0.005781062878668308,18.264680862426758,18.26468276977539,18.26468276977539,0.12211412191390991
BraTS-GLI-00243-000,0.9837843179702759,16.273086547851562,0.0013438825262710452,0.026023730635643005,0.00036907888716086745,28.716386795043945,28.716388702392578,16.27281951904297,0.03665900230407715
BraTS-GLI-00249-000,0.7539964318275452,19.440265655517578,0.01137557439506054,0.07627789676189423,0.004434389062225819,19.440265655517578,19.44026756286621,19.44026756286621,0.10665634274482727
BraTS-GLI-00269-000,0.6586719751358032,17.482152938842773,0.017856024205684662,0.09116781502962112,0.00864462275058031,17.482152938842773,17.48215103149414,17.48215103149414,0.13362643122673035
BraTS-GLI-00282-000,0.5834084749221802,18.98192024230957,0.012641766108572483,0.08413759618997574,0.004968156572431326,18.98192024230957,18.981922149658203,18.981922149658203,0.11243560910224915
BraTS-GLI-00283-000,0.8242335319519043,18.703014373779297,0.00423740828409791,0.05181099474430084,0.0015004517044872046,23.728994369506836,23.7289981842041,18.70301628112793,0.06509537994861603
BraTS-GLI-00306-000,0.5166822075843811,14.726571083068848,0.033677730709314346,0.11237312853336334,0.015392378903925419,14.726571083068848,14.726572036743164,14.726572036743164,0.18351493775844574
BraTS-GLI-00340-000,0.6202717423439026,19.456403732299805,0.01133338175714016,0.07557494193315506,0.0047179292887449265,19.456403732299805,19.456403732299805,19.456403732299805,0.10645835846662521
BraTS-GLI-00377-000,0.7950477600097656,19.83429718017578,0.006799119524657726,0.06104867905378342,0.002113793045282364,21.675472259521484,21.675472259521484,19.833724975585938,0.08245677500963211
BraTS-GLI-00395-000,0.6740608811378479,17.326749801635742,0.018506523221731186,0.09016720950603485,0.00707462290301919,17.326749801635742,17.326751708984375,17.326751708984375,0.136038675904274
BraTS-GLI-00402-000,0.6446043252944946,19.185611724853516,0.012062537483870983,0.0774829313158989,0.004505427088588476,19.185611724853516,19.18561363220215,19.18561363220215,0.10982958227396011
BraTS-GLI-00407-000,0.6137551069259644,17.009313583374023,0.019909873604774475,0.0957350879907608,0.007880120538175106,17.009313583374023,17.009315490722656,17.009315490722656,0.14110234379768372
BraTS-GLI-00433-000,0.582549512386322,16.926013946533203,0.01875145547091961,0.09442836791276932,0.007477292325347662,17.269649505615234,17.269651412963867,16.906169891357422,0.13693594932556152
BraTS-GLI-00445-000,0.9807628393173218,20.58888816833496,0.002243203576654196,0.036309681832790375,0.0007427638047374785,26.49131202697754,26.491313934326172,20.588890075683594,0.047362469136714935
BraTS-GLI-00456-000,0.696002721786499,20.383071899414062,0.009155724197626114,0.05823497101664543,0.0039567118510603905,20.383071899414062,20.383071899414062,20.383071899414062,0.09568554908037186
BraTS-GLI-00493-000,0.8366723656654358,16.893136978149414,0.007204325869679451,0.06451220065355301,0.0023535750806331635,21.42406463623047,21.4240665435791,16.69428062438965,0.08487830311059952
BraTS-GLI-00494-001,0.7972372770309448,17.793212890625,0.016621820628643036,0.09634912759065628,0.007780713960528374,17.793212890625,17.793214797973633,17.793214797973633,0.1289256364107132
BraTS-GLI-00512-000,0.8321841359138489,18.801273345947266,0.00989425741136074,0.07421396672725677,0.003540382720530033,20.046167373657227,20.046167373657227,18.801273345947266,0.0994698777794838
BraTS-GLI-00517-001,0.6423465609550476,18.827713012695312,0.013098711147904396,0.07856151461601257,0.005314226262271404,18.827713012695312,18.827714920043945,18.827714920043945,0.11444960534572601
BraTS-GLI-00540-000,0.5397171974182129,15.253891944885254,0.02982708066701889,0.11851688474416733,0.014465189538896084,15.253891944885254,15.25389289855957,15.25389289855957,0.17270518839359283
BraTS-GLI-00559-001,0.8127871751785278,18.717845916748047,0.01337862852960825,0.05637309327721596,0.006786448415368795,18.735883712768555,18.735883712768555,18.717845916748047,0.11566601693630219
BraTS-GLI-00580-000,0.9813215732574463,25.92559051513672,0.002555293031036854,0.03606725484132767,0.0011769941775128245,25.92559051513672,25.925594329833984,25.925594329833984,0.05054990574717522
BraTS-GLI-00594-000,0.6990416049957275,17.760820388793945,0.016746263951063156,0.08528966456651688,0.007518229074776173,17.760820388793945,17.760820388793945,17.760820388793945,0.1294073611497879
BraTS-GLI-00610-000,0.6352866888046265,18.8763370513916,0.012952876277267933,0.07767413556575775,0.005529559217393398,18.8763370513916,18.876338958740234,18.876338958740234,0.1138107031583786
BraTS-GLI-00642-000,0.8123461604118347,14.518961906433105,0.017854802310466766,0.09588511288166046,0.006099661346524954,17.48244857788086,17.482450485229492,14.505091667175293,0.13362185657024384
BraTS-GLI-00650-000,0.7566876411437988,18.887205123901367,0.012403887696564198,0.0739976316690445,0.005455491133034229,19.064420700073242,19.064422607421875,18.88624382019043,0.11137274652719498
BraTS-GLI-00655-001,0.8705608248710632,20.229307174682617,0.009485692717134953,0.06936804205179214,0.0037133449222892523,20.229307174682617,20.22930908203125,20.22930908203125,0.09739451855421066
BraTS-GLI-00658-000,0.9766071438789368,17.680103302001953,0.00563717121258378,0.04881567507982254,0.0017766611417755485,22.48938751220703,22.48938751220703,17.67776107788086,0.07508109509944916
BraTS-GLI-00675-000,0.6310982704162598,15.39598560333252,0.028866982087492943,0.1079050675034523,0.01097132358700037,15.39598560333252,15.39598560333252,15.39598560333252,0.16990286111831665
BraTS-GLI-00692-001,0.9503979086875916,16.839460372924805,0.01118045300245285,0.0775737315416336,0.003856578143313527,19.515405654907227,19.515405654907227,16.839460372924805,0.10573765635490417
BraTS-GLI-00759-000,0.685100793838501,17.66093635559082,0.017135869711637497,0.08931003510951996,0.0071950750425457954,17.66093635559082,17.660938262939453,17.660938262939453,0.13090404868125916
BraTS-GLI-00789-000,0.590297281742096,15.40405559539795,0.028813393786549568,0.1126081719994545,0.011935771442949772,15.40405559539795,15.404056549072266,15.404056549072266,0.1697450876235962
BraTS-GLI-00801-000,0.8372712731361389,19.195138931274414,0.004837959073483944,0.046468328684568405,0.0015301378443837166,23.15337562561035,23.153379440307617,19.195138931274414,0.06955543905496597
BraTS-GLI-00808-000,0.8339771628379822,22.307331085205078,0.005878502037376165,0.04889348894357681,0.002077598124742508,22.307331085205078,22.307334899902344,22.307334899902344,0.07667139172554016
BraTS-GLI-01043-000,0.6977234482765198,17.795536041259766,0.011398237198591232,0.07750371843576431,0.004115813411772251,19.431621551513672,19.431623458862305,17.795442581176758,0.10676252841949463
BraTS-GLI-01053-000,0.8813367486000061,21.08794593811035,0.007784044835716486,0.06449706107378006,0.0033002879936248064,21.08794593811035,21.087947845458984,21.087947845458984,0.08822723478078842
BraTS-GLI-01055-000,0.755378782749176,17.593303680419922,0.017404817044734955,0.08660160005092621,0.007054523099213839,17.593303680419922,17.593305587768555,17.593305587768555,0.13192731142044067
BraTS-GLI-01079-000,0.5220716595649719,15.38614273071289,0.0289324838668108,0.11363580077886581,0.01142691820859909,15.38614273071289,15.38614273071289,15.38614273071289,0.1700955182313919
BraTS-GLI-01105-000,0.6228975653648376,17.996562957763672,0.01586148329079151,0.08438042551279068,0.006448593456298113,17.996562957763672,17.99656105041504,17.99656105041504,0.1259423792362213
BraTS-GLI-01109-000,0.7816881537437439,15.03652286529541,0.015765411779284477,0.08734028786420822,0.0055469791404902935,18.022945404052734,18.022947311401367,15.015859603881836,0.12556038796901703
BraTS-GLI-01121-000,0.9781888723373413,19.416776657104492,0.005959891248494387,0.05908491834998131,0.0023622901644557714,22.247615814208984,22.247617721557617,19.416776657104492,0.07720033079385757
BraTS-GLI-01132-000,0.6012258529663086,17.23398780822754,0.018906066194176674,0.09664782136678696,0.007081679999828339,17.23398780822754,17.23398780822754,17.23398780822754,0.13749933242797852
BraTS-GLI-01174-000,0.9454387426376343,11.862532615661621,0.011899053119122982,0.08488257974386215,0.003488607006147504,19.244874954223633,19.244876861572266,11.85682201385498,0.10908278077840805
BraTS-GLI-01184-000,0.7440980672836304,17.850738525390625,0.01640309952199459,0.07746507227420807,0.006925356574356556,17.850738525390625,17.850740432739258,17.850740432739258,0.12807458639144897
BraTS-GLI-01190-000,0.9566450715065002,22.4520320892334,0.0026666317135095596,0.03913019970059395,0.0008550132042728364,25.740367889404297,25.740371704101562,22.4520320892334,0.051639437675476074
BraTS-GLI-01191-000,0.705342173576355,18.759653091430664,0.0133056053891778,0.08426714688539505,0.004857602063566446,18.759653091430664,18.759653091430664,18.759653091430664,0.11534992605447769
BraTS-GLI-01215-000,0.9063007831573486,19.004396438598633,0.012576514855027199,0.07701116055250168,0.0051476131193339825,19.004396438598633,19.004398345947266,19.004398345947266,0.1121450662612915
BraTS-GLI-01229-000,0.9679513573646545,18.04956817626953,0.007597137242555618,0.0640162006020546,0.002743784338235855,21.193500518798828,21.193500518798828,18.003660202026367,0.08716155588626862
BraTS-GLI-01231-000,0.9267997145652771,18.012662887573242,0.007123436313122511,0.06482554227113724,0.0036739043425768614,21.473102569580078,21.47310447692871,18.012664794921875,0.08440045267343521
BraTS-GLI-01245-000,0.9506401419639587,20.212064743041992,0.004860164597630501,0.04877075180411339,0.0015767207369208336,23.13348960876465,23.13348960876465,20.21092987060547,0.06971488147974014
BraTS-GLI-01263-000,0.8790010213851929,15.305797576904297,0.015389000996947289,0.08616527169942856,0.008580091409385204,18.12789535522461,18.12789535522461,15.305795669555664,0.12405241280794144
BraTS-GLI-01269-000,0.7976620197296143,21.01443099975586,0.007916928268969059,0.0587652325630188,0.003039933741092682,21.01443099975586,21.014432907104492,21.014432907104492,0.08897712081670761
BraTS-GLI-01282-000,0.8650278449058533,17.83553123474121,0.0069358632899820805,0.057616788893938065,0.0022654894273728132,21.588993072509766,21.5889949798584,17.835533142089844,0.08328182995319366
BraTS-GLI-01288-000,0.5583072304725647,19.07259178161621,0.012380572035908699,0.0781639888882637,0.005567857529968023,19.07259178161621,19.072593688964844,19.072593688964844,0.11126802116632462
BraTS-GLI-01313-000,0.9170863032341003,23.004066467285156,0.0018769109155982733,0.03212202712893486,0.0005638449219986796,27.265562057495117,27.26556396484375,23.004066467285156,0.0433233305811882
BraTS-GLI-01330-000,0.6831686496734619,17.352127075195312,0.018398704007267952,0.08118598163127899,0.00749259302392602,17.352127075195312,17.352127075195312,17.352127075195312,0.13564182817935944
BraTS-GLI-01332-000,0.9491539001464844,19.087297439575195,0.0066027832217514515,0.06067020073533058,0.0030622046906501055,21.8027286529541,21.802730560302734,19.06795883178711,0.08125751465559006
BraTS-GLI-01357-000,0.9429663419723511,21.10287857055664,0.004533092956990004,0.05186135694384575,0.0015783135313540697,23.436052322387695,23.436052322387695,21.08294677734375,0.06732824444770813
BraTS-GLI-01389-000,0.8984629511833191,16.959928512573242,0.008189449086785316,0.05831075459718704,0.0026869962457567453,20.86745262145996,20.86745262145996,16.94593620300293,0.09049557149410248
BraTS-GLI-01425-000,0.7033258676528931,19.200708389282227,0.012020680122077465,0.06996225565671921,0.004689172841608524,19.200708389282227,19.20071029663086,19.20071029663086,0.10963886231184006
BraTS-GLI-01439-000,0.7969720363616943,14.706260681152344,0.01399038452655077,0.0733058750629425,0.004584978334605694,18.541702270507812,18.541702270507812,14.6502103805542,0.11828095465898514
BraTS-GLI-01447-000,0.9892123341560364,20.113435745239258,0.0008938330574892461,0.02406826615333557,0.0002650404640007764,30.48743438720703,30.48743438720703,20.065753936767578,0.029897041618824005
BraTS-GLI-01453-000,0.8680018782615662,16.735872268676758,0.01733098365366459,0.0927325040102005,0.006052542943507433,17.611766815185547,17.61176872253418,16.73587417602539,0.13164718449115753
BraTS-GLI-01498-000,0.9366168975830078,19.843204498291016,0.002639684360474348,0.03772018477320671,0.0008517993264831603,25.78447914123535,25.784481048583984,19.843204498291016,0.051377858966588974
BraTS-GLI-01499-000,0.6913977861404419,19.20794105529785,0.012000682763755322,0.07274254411458969,0.005163864698261023,19.20794105529785,19.20793914794922,19.20793914794922,0.10954762995243073
BraTS-GLI-01516-000,0.7223131656646729,18.16098403930664,0.015272201038897038,0.07650385051965714,0.007198899053037167,18.16098403930664,18.16098403930664,18.16098403930664,0.12358074635267258
BraTS-GLI-01517-000,0.973723292350769,16.563949584960938,0.004297094419598579,0.04963343217968941,0.0014631312806159258,23.668249130249023,23.668251037597656,16.56395149230957,0.0655522271990776
BraTS-GLI-01665-000,0.8647109270095825,19.61465835571289,0.010927830822765827,0.057579927146434784,0.005465153604745865,19.61465835571289,19.614660263061523,19.614660263061523,0.1045362651348114
