case,random_ssim,weighted_ssim,delta_ssim_weighted_minus_random,random_psnr,weighted_psnr,delta_psnr_db_weighted_minus_random,random_mse,weighted_mse,mse_reduction_random_minus_weighted,all_metric_outcome
BraTS-GLI-00017-001,0.5597420334815979,0.6105629801750183,0.05082094669342041,15.58155632019043,16.948637008666992,1.3670806884765625,0.027659492567181587,0.02018999494612217,0.007469497621059418,weighted_wins_all
BraTS-GLI-00044-000,0.9360969066619873,0.9512732625007629,0.015176355838775635,17.201494216918945,18.314504623413086,1.1130104064941406,0.019048046320676804,0.014741763472557068,0.004306282848119736,weighted_wins_all
BraTS-GLI-00045-000,0.7031829357147217,0.6633448600769043,-0.03983807563781738,19.678651809692383,20.62574005126953,0.9470882415771484,0.010767996311187744,0.008658166043460369,0.002109830267727375,mixed
BraTS-GLI-00046-000,0.7429046630859375,0.7774185538291931,0.034513890743255615,19.347789764404297,19.727224349975586,0.37943458557128906,0.01162040140479803,0.010648231953382492,0.0009721694514155388,weighted_wins_all
BraTS-GLI-00087-001,0.6064738035202026,0.6392050981521606,0.03273129463195801,17.36407470703125,17.69302749633789,0.3289527893066406,0.01834815740585327,0.017009718343615532,0.0013384390622377396,weighted_wins_all
BraTS-GLI-00100-000,0.644005537033081,0.6357628703117371,-0.008242666721343994,18.621000289916992,18.591127395629883,-0.029872894287109375,0.013737251982092857,0.013832070864737034,-9.481888264417648e-05,random_wins_all
BraTS-GLI-00194-000,0.9010754823684692,0.8973579406738281,-0.0037175416946411133,15.754328727722168,14.927234649658203,-0.8270940780639648,0.008250538259744644,0.00996327493339777,-0.0017127366736531258,random_wins_all
BraTS-GLI-00236-000,0.6570417284965515,0.6903038620948792,0.03326213359832764,18.264680862426758,19.808319091796875,1.5436382293701172,0.01491185836493969,0.010451242327690125,0.004460616037249565,weighted_wins_all
BraTS-GLI-00243-000,0.9837843179702759,0.9833522439002991,-0.00043207406997680664,16.273086547851562,15.326539993286133,-0.9465465545654297,0.0013438825262710452,0.0016710498603060842,-0.00032716733403503895,random_wins_all
BraTS-GLI-00249-000,0.7539964318275452,0.7428736686706543,-0.01112276315689087,19.440265655517578,19.287622451782227,-0.15264320373535156,0.01137557439506054,0.011782506480813026,-0.0004069320857524872,random_wins_all
BraTS-GLI-00269-000,0.6586719751358032,0.7074341177940369,0.04876214265823364,17.482152938842773,18.529090881347656,1.0469379425048828,0.017856024205684662,0.01403107587248087,0.0038249483332037926,weighted_wins_all
BraTS-GLI-00282-000,0.5834084749221802,0.619060754776001,0.0356522798538208,18.98192024230957,19.813371658325195,0.831451416015625,0.012641766108572483,0.010439089499413967,0.002202676609158516,weighted_wins_all
BraTS-GLI-00283-000,0.8242335319519043,0.8565989136695862,0.032365381717681885,18.703014373779297,19.08327293395996,0.38025856018066406,0.00423740828409791,0.0038821694906800985,0.0003552387934178114,weighted_wins_all
BraTS-GLI-00306-000,0.5166822075843811,0.5680534243583679,0.051371216773986816,14.726571083068848,16.419891357421875,1.6933202743530273,0.033677730709314346,0.022803984582424164,0.010873746126890182,weighted_wins_all
BraTS-GLI-00340-000,0.6202717423439026,0.6337496042251587,0.013477861881256104,19.456403732299805,20.20208168029785,0.7456779479980469,0.01133338175714016,0.009545346722006798,0.0017880350351333618,weighted_wins_all
BraTS-GLI-00377-000,0.7950477600097656,0.8521376848220825,0.057089924812316895,19.83429718017578,22.28890609741211,2.454608917236328,0.006799119524657726,0.003863085061311722,0.0029360344633460045,weighted_wins_all
BraTS-GLI-00395-000,0.6740608811378479,0.7245356440544128,0.05047476291656494,17.326749801635742,19.3154354095459,1.9886856079101562,0.018506523221731186,0.011707291007041931,0.006799232214689255,weighted_wins_all
BraTS-GLI-00402-000,0.6446043252944946,0.661697268486023,0.01709294319152832,19.185611724853516,19.471561431884766,0.28594970703125,0.012062537483870983,0.011293896473944187,0.000768641009926796,weighted_wins_all
BraTS-GLI-00407-000,0.6137551069259644,0.5956276655197144,-0.01812744140625,17.009313583374023,17.0561466217041,0.046833038330078125,0.019909873604774475,0.019696328788995743,0.0002135448157787323,mixed
BraTS-GLI-00433-000,0.582549512386322,0.649404764175415,0.06685525178909302,16.926013946533203,19.66107940673828,2.735065460205078,0.01875145547091961,0.009944276884198189,0.00880717858672142,weighted_wins_all
BraTS-GLI-00445-000,0.9807628393173218,0.9755861759185791,-0.005176663398742676,20.58888816833496,20.137924194335938,-0.45096397399902344,0.002243203576654196,0.002488657832145691,-0.00024545425549149513,random_wins_all
BraTS-GLI-00456-000,0.696002721786499,0.6950257420539856,-0.0009769797325134277,20.383071899414062,21.261211395263672,0.8781394958496094,0.009155724197626114,0.007479606196284294,0.0016761180013418198,mixed
BraTS-GLI-00493-000,0.8366723656654358,0.8891063332557678,0.05243396759033203,16.893136978149414,17.847301483154297,0.9541645050048828,0.007204325869679451,0.0055792732164263725,0.0016250526532530785,weighted_wins_all
BraTS-GLI-00494-001,0.7972372770309448,0.7757608890533447,-0.021476387977600098,17.793212890625,17.213510513305664,-0.5797023773193359,0.016621820628643036,0.01899542473256588,-0.002373604103922844,random_wins_all
BraTS-GLI-00512-000,0.8321841359138489,0.8180264234542847,-0.014157712459564209,18.801273345947266,19.41771125793457,0.6164379119873047,0.00989425741136074,0.008584982715547085,0.0013092746958136559,mixed
BraTS-GLI-00517-001,0.6423465609550476,0.6699591875076294,0.027612626552581787,18.827713012695312,18.83268165588379,0.0049686431884765625,0.013098711147904396,0.013083734549582005,1.497659832239151e-05,weighted_wins_all
BraTS-GLI-00540-000,0.5397171974182129,0.5691983103752136,0.029481112957000732,15.253891944885254,17.22679901123047,1.9729070663452148,0.02982708066701889,0.018937386572360992,0.010889694094657898,weighted_wins_all
BraTS-GLI-00559-001,0.8127871751785278,0.8277215957641602,0.014934420585632324,18.717845916748047,20.095495223999023,1.3776493072509766,0.01337862852960825,0.009742413647472858,0.0036362148821353912,weighted_wins_all
BraTS-GLI-00580-000,0.9813215732574463,0.9782153367996216,-0.003106236457824707,25.92559051513672,25.14556312561035,-0.7800273895263672,0.002555293031036854,0.00305804330855608,-0.0005027502775192261,random_wins_all
BraTS-GLI-00594-000,0.6990416049957275,0.7470870018005371,0.04804539680480957,17.760820388793945,19.93364715576172,2.1728267669677734,0.016746263951063156,0.010153954848647118,0.0065923091024160385,weighted_wins_all
BraTS-GLI-00610-000,0.6352866888046265,0.6428713202476501,0.007584631443023682,18.8763370513916,19.385669708251953,0.5093326568603516,0.012952876277267933,0.011519482359290123,0.00143339391797781,weighted_wins_all
BraTS-GLI-00642-000,0.8123461604118347,0.8782971501350403,0.06595098972320557,14.518961906433105,17.227785110473633,2.7088232040405273,0.017854802310466766,0.009538624435663223,0.008316177874803543,weighted_wins_all
BraTS-GLI-00650-000,0.7566876411437988,0.7947859168052673,0.038098275661468506,18.887205123901367,20.822790145874023,1.9355850219726562,0.012403887696564198,0.00794150959700346,0.004462378099560738,weighted_wins_all
BraTS-GLI-00655-001,0.8705608248710632,0.8717793822288513,0.001218557357788086,20.229307174682617,20.444181442260742,0.214874267578125,0.009485692717134953,0.009027795866131783,0.00045789685100317,weighted_wins_all
BraTS-GLI-00658-000,0.9766071438789368,0.9889962077140808,0.012389063835144043,17.680103302001953,20.392671585083008,2.7125682830810547,0.00563717121258378,0.003016964066773653,0.0026202071458101273,weighted_wins_all
BraTS-GLI-00675-000,0.6310982704162598,0.7061842083930969,0.07508593797683716,15.39598560333252,17.625246047973633,2.2292604446411133,0.028866982087492943,0.017277279868721962,0.01158970221877098,weighted_wins_all
BraTS-GLI-00692-001,0.9503979086875916,0.9634402394294739,0.013042330741882324,16.839460372924805,19.52439308166504,2.6849327087402344,0.01118045300245285,0.006025122012943029,0.005155330989509821,weighted_wins_all
BraTS-GLI-00759-000,0.685100793838501,0.7170486450195312,0.03194785118103027,17.66093635559082,18.33831214904785,0.6773757934570312,0.017135869711637497,0.014661168679594994,0.0024747010320425034,weighted_wins_all
BraTS-GLI-00789-000,0.590297281742096,0.6684552431106567,0.07815796136856079,15.40405559539795,17.243906021118164,1.8398504257202148,0.028813393786549568,0.01886293664574623,0.009950457140803337,weighted_wins_all
BraTS-GLI-00801-000,0.8372712731361389,0.8545222282409668,0.01725095510482788,19.195138931274414,20.196481704711914,1.0013427734375,0.004837959073483944,0.0038417393807321787,0.0009962196927517653,weighted_wins_all
BraTS-GLI-00808-000,0.8339771628379822,0.8679020404815674,0.033924877643585205,22.307331085205078,24.85444450378418,2.5471134185791016,0.005878502037376165,0.0032700584270060062,0.002608443610370159,weighted_wins_all
BraTS-GLI-01043-000,0.6977234482765198,0.717440664768219,0.01971721649169922,17.795536041259766,18.7744083404541,0.9788722991943359,0.011398237198591232,0.009097893722355366,0.0023003434762358665,weighted_wins_all
BraTS-GLI-01053-000,0.8813367486000061,0.8758317232131958,-0.005505025386810303,21.08794593811035,20.868112564086914,-0.2198333740234375,0.007784044835716486,0.008188201114535332,-0.00040415627881884575,random_wins_all
BraTS-GLI-01055-000,0.755378782749176,0.738519549369812,-0.016859233379364014,17.593303680419922,17.076353073120117,-0.5169506072998047,0.017404817044734955,0.019604897126555443,-0.002200080081820488,random_wins_all
BraTS-GLI-01079-000,0.5220716595649719,0.5569624304771423,0.03489077091217041,15.38614273071289,16.940303802490234,1.5541610717773438,0.0289324838668108,0.020228775218129158,0.00870370864868164,weighted_wins_all
BraTS-GLI-01105-000,0.6228975653648376,0.6472702026367188,0.024372637271881104,17.996562957763672,18.82978630065918,0.8332233428955078,0.01586148329079151,0.013092461973428726,0.0027690213173627853,weighted_wins_all
BraTS-GLI-01109-000,0.7816881537437439,0.8269158005714417,0.045227646827697754,15.03652286529541,16.522380828857422,1.4858579635620117,0.015765411779284477,0.011196078732609749,0.004569333046674728,weighted_wins_all
BraTS-GLI-01121-000,0.9781888723373413,0.9805738925933838,0.0023850202560424805,19.416776657104492,19.86001968383789,0.44324302673339844,0.005959891248494387,0.005381631199270487,0.0005782600492238998,weighted_wins_all
BraTS-GLI-01132-000,0.6012258529663086,0.6432328820228577,0.04200702905654907,17.23398780822754,18.537349700927734,1.3033618927001953,0.018906066194176674,0.014004413969814777,0.0049016522243618965,weighted_wins_all
BraTS-GLI-01174-000,0.9454387426376343,0.985335648059845,0.03989690542221069,11.862532615661621,18.972135543823242,7.109602928161621,0.011899053119122982,0.002311968943104148,0.009587084176018834,weighted_wins_all
BraTS-GLI-01184-000,0.7440980672836304,0.7850931286811829,0.04099506139755249,17.850738525390625,19.278499603271484,1.4277610778808594,0.01640309952199459,0.011807282455265522,0.004595817066729069,weighted_wins_all
BraTS-GLI-01190-000,0.9566450715065002,0.961737871170044,0.005092799663543701,22.4520320892334,22.8113956451416,0.3593635559082031,0.0026666317135095596,0.0024548599030822515,0.00021177181042730808,weighted_wins_all
BraTS-GLI-01191-000,0.705342173576355,0.7323199510574341,0.0269777774810791,18.759653091430664,19.643264770507812,0.8836116790771484,0.0133056053891778,0.010856094770133495,0.002449510619044304,weighted_wins_all
BraTS-GLI-01215-000,0.9063007831573486,0.8864200711250305,-0.019880712032318115,19.004396438598633,18.63547134399414,-0.3689250946044922,0.012576514855027199,0.0136915547773242,-0.0011150399222970009,random_wins_all
BraTS-GLI-01229-000,0.9679513573646545,0.9699362516403198,0.001984894275665283,18.04956817626953,18.11260986328125,0.06304168701171875,0.007597137242555618,0.007409007288515568,0.0001881299540400505,weighted_wins_all
BraTS-GLI-01231-000,0.9267997145652771,0.9442585110664368,0.017458796501159668,18.012662887573242,19.059661865234375,1.0469989776611328,0.007123436313122511,0.005597442388534546,0.001525993924587965,weighted_wins_all
BraTS-GLI-01245-000,0.9506401419639587,0.9584078788757324,0.007767736911773682,20.212064743041992,21.245023727416992,1.032958984375,0.004860164597630501,0.003830855479463935,0.001029309118166566,weighted_wins_all
BraTS-GLI-01263-000,0.8790010213851929,0.9506711363792419,0.07167011499404907,15.305797576904297,18.97908592224121,3.673288345336914,0.015389000996947289,0.006605132482945919,0.00878386851400137,weighted_wins_all
BraTS-GLI-01269-000,0.7976620197296143,0.7937828302383423,-0.0038791894912719727,21.01443099975586,21.360187530517578,0.34575653076171875,0.007916928268969059,0.007311074063181877,0.0006058542057871819,mixed
BraTS-GLI-01282-000,0.8650278449058533,0.8927006721496582,0.02767282724380493,17.83553123474121,18.46831703186035,0.6327857971191406,0.0069358632899820805,0.005995878949761391,0.0009399843402206898,weighted_wins_all
BraTS-GLI-01288-000,0.5583072304725647,0.5719595551490784,0.013652324676513672,19.07259178161621,19.159975051879883,0.08738327026367188,0.012380572035908699,0.01213395781815052,0.0002466142177581787,weighted_wins_all
BraTS-GLI-01313-000,0.9170863032341003,0.8856452703475952,-0.03144103288650513,23.004066467285156,21.317873001098633,-1.6861934661865234,0.0018769109155982733,0.002767628524452448,-0.0008907176088541746,random_wins_all
BraTS-GLI-01330-000,0.6831686496734619,0.726885199546814,0.04371654987335205,17.352127075195312,18.728347778320312,1.376220703125,0.018398704007267952,0.013401857577264309,0.004996846430003643,weighted_wins_all
BraTS-GLI-01332-000,0.9491539001464844,0.9686536192893982,0.01949971914291382,19.087297439575195,20.928579330444336,1.8412818908691406,0.0066027832217514515,0.004309067036956549,0.002293716184794903,weighted_wins_all
BraTS-GLI-01357-000,0.9429663419723511,0.9400706887245178,-0.002895653247833252,21.10287857055664,20.83303451538086,-0.26984405517578125,0.004533092956990004,0.0048015969805419445,-0.0002685040235519409,random_wins_all
BraTS-GLI-01389-000,0.8984629511833191,0.8709595799446106,-0.027503371238708496,16.959928512573242,16.624204635620117,-0.335723876953125,0.008189449086785316,0.008819171227514744,-0.0006297221407294273,random_wins_all
BraTS-GLI-01425-000,0.7033258676528931,0.705239474773407,0.001913607120513916,19.200708389282227,18.556604385375977,-0.64410400390625,0.012020680122077465,0.01394246518611908,-0.0019217850640416145,mixed
BraTS-GLI-01439-000,0.7969720363616943,0.8349835276603699,0.03801149129867554,14.706260681152344,18.337451934814453,3.6311912536621094,0.01399038452655077,0.005985569674521685,0.008004814852029085,weighted_wins_all
BraTS-GLI-01447-000,0.9892123341560364,0.990310788154602,0.0010984539985656738,20.113435745239258,19.75775146484375,-0.3556842803955078,0.0008938330574892461,0.0009659287752583623,-7.209571776911616e-05,mixed
BraTS-GLI-01453-000,0.8680018782615662,0.8396918177604675,-0.028310060501098633,16.735872268676758,17.669322967529297,0.9334506988525391,0.01733098365366459,0.01397907268255949,0.0033519109711050987,mixed
BraTS-GLI-01498-000,0.9366168975830078,0.9318241477012634,-0.004792749881744385,19.843204498291016,18.911476135253906,-0.9317283630371094,0.002639684360474348,0.0032713336404412985,-0.0006316492799669504,random_wins_all
BraTS-GLI-01499-000,0.6913977861404419,0.7264756560325623,0.03507786989212036,19.20794105529785,20.865625381469727,1.657684326171875,0.012000682763755322,0.008192894980311394,0.0038077877834439278,weighted_wins_all
BraTS-GLI-01516-000,0.7223131656646729,0.7403073310852051,0.017994165420532227,18.16098403930664,17.840843200683594,-0.3201408386230469,0.015272201038897038,0.01644052565097809,-0.0011683246120810509,mixed
BraTS-GLI-01517-000,0.973723292350769,0.9826653599739075,0.008942067623138428,16.563949584960938,19.666744232177734,3.102794647216797,0.004297094419598579,0.002103271894156933,0.0021938225254416466,weighted_wins_all
BraTS-GLI-01665-000,0.8647109270095825,0.8636106252670288,-0.001100301742553711,19.61465835571289,19.385154724121094,-0.22950363159179688,0.010927830822765827,0.011520850472152233,-0.0005930196493864059,random_wins_all
