arm,configuration,case,ssim,psnr,mse
fixed,n1,BraTS-GLI-00071-000,0.8354629874229431,18.099428176879883,0.015490196645259857
fixed,n1,BraTS-GLI-01302-000,0.914832592010498,19.72711753845215,0.01064849179238081
fixed,n1,BraTS-GLI-00186-000,0.8376609086990356,16.348346710205078,0.014069970697164536
fixed,n1,BraTS-GLI-01266-000,0.6292302012443542,18.24222755432129,0.014989149756729603
fixed,n1,BraTS-GLI-00085-000,0.7757550477981567,20.23264503479004,0.009256495162844658
fixed,n1,BraTS-GLI-00386-000,0.7454566955566406,19.80144500732422,0.0073982360772788525
fixed,n1,BraTS-GLI-01122-000,0.6604011058807373,15.794092178344727,0.026338480412960052
fixed,n1,BraTS-GLI-00204-000,0.4781118929386139,14.849807739257812,0.03273551166057587
fixed,n1,BraTS-GLI-01110-000,0.5580247044563293,15.72531795501709,0.026758892461657524
fixed,n1,BraTS-GLI-01171-000,0.8710700273513794,20.387832641601562,0.009145693853497505
fixed,n1,BraTS-GLI-01490-000,0.7925081253051758,17.83100128173828,0.01647782325744629
fixed,n1,BraTS-GLI-00432-000,0.958046019077301,22.1839599609375,0.00524322921410203
fixed,n1,BraTS-GLI-01328-000,0.7271368503570557,17.08819007873535,0.019551534205675125
fixed,n1,BraTS-GLI-00694-001,0.5909242630004883,17.563241958618164,0.01752571389079094
fixed,n1,BraTS-GLI-01162-000,0.6897533535957336,19.923263549804688,0.009974868968129158
fixed,n1,BraTS-GLI-01236-000,0.9592435359954834,21.68470573425293,0.006784678436815739
fixed,n1,BraTS-GLI-01306-000,0.6968225240707397,14.808145523071289,0.018614739179611206
fixed,n1,BraTS-GLI-01208-000,0.6287736892700195,17.28249168395996,0.012788156978785992
fixed,n1,BraTS-GLI-00273-000,0.5363946557044983,18.16304588317871,0.015264943242073059
fixed,n1,BraTS-GLI-01018-000,0.5643394589424133,17.4408016204834,0.01802685298025608
fixed,n1,BraTS-GLI-00400-000,0.6625974774360657,19.461158752441406,0.009813306853175163
fixed,n1,BraTS-GLI-00613-000,0.5251830220222473,17.280031204223633,0.018706688657402992
fixed,n1,BraTS-GLI-00241-000,0.5686705708503723,16.864025115966797,0.02058720588684082
fixed,n1,BraTS-GLI-00504-000,0.8663718104362488,18.75019645690918,0.006729097571223974
fixed,n1,BraTS-GLI-00608-000,0.670134425163269,18.94731903076172,0.012742891907691956
fixed,mean_n3,BraTS-GLI-00071-000,0.8354722857475281,18.09994125366211,0.015488378703594208
fixed,mean_n3,BraTS-GLI-01302-000,0.9148184657096863,19.727218627929688,0.010648245923221111
fixed,mean_n3,BraTS-GLI-00186-000,0.8376703262329102,16.34869384765625,0.01406884379684925
fixed,mean_n3,BraTS-GLI-01266-000,0.6292412877082825,18.24228286743164,0.014988966286182404
fixed,mean_n3,BraTS-GLI-00085-000,0.7757501006126404,20.231842041015625,0.009258207865059376
fixed,mean_n3,BraTS-GLI-00386-000,0.7454661130905151,19.801185607910156,0.007398681249469519
fixed,mean_n3,BraTS-GLI-01122-000,0.6604987382888794,15.794698715209961,0.026334799826145172
fixed,mean_n3,BraTS-GLI-00204-000,0.47810450196266174,14.849763870239258,0.03273584693670273
fixed,mean_n3,BraTS-GLI-01110-000,0.5580698251724243,15.726025581359863,0.026754532009363174
fixed,mean_n3,BraTS-GLI-01171-000,0.8710606694221497,20.387584686279297,0.009146214462816715
fixed,mean_n3,BraTS-GLI-01490-000,0.7924939393997192,17.830286026000977,0.016480540856719017
fixed,mean_n3,BraTS-GLI-00432-000,0.9580615758895874,22.18514060974121,0.005241801962256432
fixed,mean_n3,BraTS-GLI-01328-000,0.7270950675010681,17.08510971069336,0.019565410912036896
fixed,mean_n3,BraTS-GLI-00694-001,0.5909486413002014,17.562700271606445,0.017527896910905838
fixed,mean_n3,BraTS-GLI-01162-000,0.6898146271705627,19.9240665435791,0.009973022155463696
fixed,mean_n3,BraTS-GLI-01236-000,0.959205150604248,21.681734085083008,0.006789322942495346
fixed,mean_n3,BraTS-GLI-01306-000,0.6968017220497131,14.807799339294434,0.018616223707795143
fixed,mean_n3,BraTS-GLI-01208-000,0.6287746429443359,17.282470703125,0.012788216583430767
fixed,mean_n3,BraTS-GLI-00273-000,0.5364294648170471,18.162988662719727,0.015265148133039474
fixed,mean_n3,BraTS-GLI-01018-000,0.5643006563186646,17.44066047668457,0.01802743226289749
fixed,mean_n3,BraTS-GLI-00400-000,0.6626027226448059,19.461362838745117,0.009812847711145878
fixed,mean_n3,BraTS-GLI-00613-000,0.5251721143722534,17.280319213867188,0.018705444410443306
fixed,mean_n3,BraTS-GLI-00241-000,0.5686877369880676,16.864152908325195,0.02058659866452217
fixed,mean_n3,BraTS-GLI-00504-000,0.8663815855979919,18.750783920288086,0.006728186737746
fixed,mean_n3,BraTS-GLI-00608-000,0.6701265573501587,18.947124481201172,0.01274346373975277
fixed,median_n3,BraTS-GLI-00071-000,0.8354595303535461,18.099327087402344,0.015490558929741383
fixed,median_n3,BraTS-GLI-01302-000,0.9148088693618774,19.727306365966797,0.010648027993738651
fixed,median_n3,BraTS-GLI-00186-000,0.8376709818840027,16.348804473876953,0.014068488962948322
fixed,median_n3,BraTS-GLI-01266-000,0.6292343139648438,18.242334365844727,0.014988788403570652
fixed,median_n3,BraTS-GLI-00085-000,0.7757458686828613,20.231721878051758,0.009258465841412544
fixed,median_n3,BraTS-GLI-00386-000,0.7454750537872314,19.801246643066406,0.007398574613034725
fixed,median_n3,BraTS-GLI-01122-000,0.660515308380127,15.794655799865723,0.026335058733820915
fixed,median_n3,BraTS-GLI-00204-000,0.4780947268009186,14.849653244018555,0.032736681401729584
fixed,median_n3,BraTS-GLI-01110-000,0.5580461025238037,15.725846290588379,0.026755640283226967
fixed,median_n3,BraTS-GLI-01171-000,0.8710615038871765,20.387685775756836,0.009146001189947128
fixed,median_n3,BraTS-GLI-01490-000,0.7924954295158386,17.83034324645996,0.01648031733930111
fixed,median_n3,BraTS-GLI-00432-000,0.958064079284668,22.1851749420166,0.005241761915385723
fixed,median_n3,BraTS-GLI-01328-000,0.7270939350128174,17.08514404296875,0.01956525444984436
fixed,median_n3,BraTS-GLI-00694-001,0.5909498333930969,17.562646865844727,0.017528118565678596
fixed,median_n3,BraTS-GLI-01162-000,0.6898118853569031,19.92406463623047,0.009973029606044292
fixed,median_n3,BraTS-GLI-01236-000,0.9592040181159973,21.68060874938965,0.006791081745177507
fixed,median_n3,BraTS-GLI-01306-000,0.6967886090278625,14.807677268981934,0.018616747111082077
fixed,median_n3,BraTS-GLI-01208-000,0.6287683844566345,17.282390594482422,0.012788455933332443
fixed,median_n3,BraTS-GLI-00273-000,0.5364551544189453,18.16302490234375,0.015265022404491901
fixed,median_n3,BraTS-GLI-01018-000,0.5643110275268555,17.44075584411621,0.018027042970061302
fixed,median_n3,BraTS-GLI-00400-000,0.6626063585281372,19.461326599121094,0.009812930598855019
fixed,median_n3,BraTS-GLI-00613-000,0.5251801013946533,17.280282974243164,0.01870560087263584
fixed,median_n3,BraTS-GLI-00241-000,0.5686913728713989,16.864107131958008,0.02058681659400463
fixed,median_n3,BraTS-GLI-00504-000,0.8663802146911621,18.75068473815918,0.006728340405970812
fixed,median_n3,BraTS-GLI-00608-000,0.6701305508613586,18.947345733642578,0.012742817401885986
fixed,mean_n5,BraTS-GLI-00071-000,0.8354769349098206,18.10014533996582,0.015487647615373135
fixed,mean_n5,BraTS-GLI-01302-000,0.9148082137107849,19.72635841369629,0.01065035630017519
fixed,mean_n5,BraTS-GLI-00186-000,0.8376582264900208,16.348464965820312,0.014069591648876667
fixed,mean_n5,BraTS-GLI-01266-000,0.6292413473129272,18.242446899414062,0.014988391660153866
fixed,mean_n5,BraTS-GLI-00085-000,0.775754988193512,20.231731414794922,0.009258444420993328
fixed,mean_n5,BraTS-GLI-00386-000,0.7454742193222046,19.801036834716797,0.0073989322409033775
fixed,mean_n5,BraTS-GLI-01122-000,0.6604419350624084,15.794074058532715,0.026338588446378708
fixed,mean_n5,BraTS-GLI-00204-000,0.47812193632125854,14.849967002868652,0.03273431956768036
fixed,mean_n5,BraTS-GLI-01110-000,0.5580368041992188,15.725592613220215,0.026757199317216873
fixed,mean_n5,BraTS-GLI-01171-000,0.8710620403289795,20.3878116607666,0.009145737625658512
fixed,mean_n5,BraTS-GLI-01490-000,0.7924773097038269,17.82965087890625,0.016482939943671227
fixed,mean_n5,BraTS-GLI-00432-000,0.9580585956573486,22.185258865356445,0.005241659935563803
fixed,mean_n5,BraTS-GLI-01328-000,0.7270851135253906,17.084815979003906,0.01956673339009285
fixed,mean_n5,BraTS-GLI-00694-001,0.5909651517868042,17.56285858154297,0.0175272636115551
fixed,mean_n5,BraTS-GLI-01162-000,0.6898276209831238,19.924137115478516,0.009972859174013138
fixed,mean_n5,BraTS-GLI-01236-000,0.9591904878616333,21.67987823486328,0.006792223546653986
fixed,mean_n5,BraTS-GLI-01306-000,0.696785032749176,14.80759334564209,0.01861710473895073
fixed,mean_n5,BraTS-GLI-01208-000,0.6287816762924194,17.282461166381836,0.012788250111043453
fixed,mean_n5,BraTS-GLI-00273-000,0.5363936424255371,18.162687301635742,0.015266207046806812
fixed,mean_n5,BraTS-GLI-01018-000,0.5643084049224854,17.44076919555664,0.018026981502771378
fixed,mean_n5,BraTS-GLI-00400-000,0.6625953316688538,19.461376190185547,0.00981281790882349
fixed,mean_n5,BraTS-GLI-00613-000,0.5251296758651733,17.27994728088379,0.018707042559981346
fixed,mean_n5,BraTS-GLI-00241-000,0.5686847567558289,16.864009857177734,0.020587274804711342
fixed,mean_n5,BraTS-GLI-00504-000,0.8663833737373352,18.750656127929688,0.006728386040776968
fixed,mean_n5,BraTS-GLI-00608-000,0.6701355576515198,18.947507858276367,0.012742343358695507
fixed,median_n5,BraTS-GLI-00071-000,0.8354626297950745,18.099523544311523,0.015489856712520123
fixed,median_n5,BraTS-GLI-01302-000,0.914804220199585,19.726436614990234,0.01065016258507967
fixed,median_n5,BraTS-GLI-00186-000,0.8376662731170654,16.348548889160156,0.014069313183426857
fixed,median_n5,BraTS-GLI-01266-000,0.629230260848999,18.24219512939453,0.01498926430940628
fixed,median_n5,BraTS-GLI-00085-000,0.7757542133331299,20.231857299804688,0.009258178994059563
fixed,median_n5,BraTS-GLI-00386-000,0.7454758882522583,19.801044464111328,0.0073989215306937695
fixed,median_n5,BraTS-GLI-01122-000,0.6604503989219666,15.79415225982666,0.026338115334510803
fixed,median_n5,BraTS-GLI-00204-000,0.4781094491481781,14.84988784790039,0.032734911888837814
fixed,median_n5,BraTS-GLI-01110-000,0.5580375790596008,15.725584983825684,0.026757247745990753
fixed,median_n5,BraTS-GLI-01171-000,0.8710619211196899,20.387821197509766,0.009145718067884445
fixed,median_n5,BraTS-GLI-01490-000,0.7924823760986328,17.829931259155273,0.016481885686516762
fixed,median_n5,BraTS-GLI-00432-000,0.9580621123313904,22.1854190826416,0.005241465754806995
fixed,median_n5,BraTS-GLI-01328-000,0.727076530456543,17.084760665893555,0.019566982984542847
fixed,median_n5,BraTS-GLI-00694-001,0.5909755825996399,17.562847137451172,0.017527300864458084
fixed,median_n5,BraTS-GLI-01162-000,0.689826488494873,19.924158096313477,0.009972815401852131
fixed,median_n5,BraTS-GLI-01236-000,0.9591959118843079,21.679523468017578,0.006792778614908457
fixed,median_n5,BraTS-GLI-01306-000,0.6967685222625732,14.807450294494629,0.018617717549204826
fixed,median_n5,BraTS-GLI-01208-000,0.6287744045257568,17.282493591308594,0.012788151390850544
fixed,median_n5,BraTS-GLI-00273-000,0.5364090204238892,18.162633895874023,0.015266397036612034
fixed,median_n5,BraTS-GLI-01018-000,0.5643125176429749,17.440824508666992,0.01802675612270832
fixed,median_n5,BraTS-GLI-00400-000,0.6625953912734985,19.46139907836914,0.009812767617404461
fixed,median_n5,BraTS-GLI-00613-000,0.5251210927963257,17.2797794342041,0.018707768991589546
fixed,median_n5,BraTS-GLI-00241-000,0.5686860680580139,16.863967895507812,0.020587477833032608
fixed,median_n5,BraTS-GLI-00504-000,0.8663892149925232,18.75071907043457,0.006728287320584059
fixed,median_n5,BraTS-GLI-00608-000,0.6701404452323914,18.947717666625977,0.012741722166538239
random,n1,BraTS-GLI-00071-000,0.8404990434646606,17.508981704711914,0.01774604804813862
random,n1,BraTS-GLI-01302-000,0.9377104640007019,21.4869327545166,0.007100790273398161
random,n1,BraTS-GLI-00186-000,0.8000620603561401,14.732305526733398,0.02041255682706833
random,n1,BraTS-GLI-01266-000,0.6916342973709106,19.529296875,0.011144746094942093
random,n1,BraTS-GLI-00085-000,0.7552617192268372,19.208133697509766,0.011725730262696743
random,n1,BraTS-GLI-00386-000,0.7684982419013977,19.9761905670166,0.007106476463377476
random,n1,BraTS-GLI-01122-000,0.6907444000244141,15.23051643371582,0.029988054186105728
random,n1,BraTS-GLI-00204-000,0.5649579167366028,15.583124160766602,0.027649512514472008
random,n1,BraTS-GLI-01110-000,0.604367196559906,16.115982055664062,0.024456918239593506
random,n1,BraTS-GLI-01171-000,0.9071783423423767,22.574161529541016,0.00552819948643446
random,n1,BraTS-GLI-01490-000,0.8044956922531128,19.233531951904297,0.011930170468986034
random,n1,BraTS-GLI-00432-000,0.9684282541275024,22.831148147583008,0.004517310298979282
random,n1,BraTS-GLI-01328-000,0.7509087324142456,18.54776954650879,0.013970852829515934
random,n1,BraTS-GLI-00694-001,0.6511214971542358,19.163028717041016,0.012125426903367043
random,n1,BraTS-GLI-01162-000,0.7564183473587036,21.01622772216797,0.007755632977932692
random,n1,BraTS-GLI-01236-000,0.9447365403175354,19.590858459472656,0.010987883433699608
random,n1,BraTS-GLI-01306-000,0.7268070578575134,14.721759796142578,0.019030222669243813
random,n1,BraTS-GLI-01208-000,0.6822549700737,17.606090545654297,0.011875495314598083
random,n1,BraTS-GLI-00273-000,0.5444328784942627,17.651432037353516,0.017173418775200844
random,n1,BraTS-GLI-01018-000,0.5811537504196167,18.048931121826172,0.015671364963054657
random,n1,BraTS-GLI-00400-000,0.7066188454627991,20.977802276611328,0.006920722313225269
random,n1,BraTS-GLI-00613-000,0.5385829210281372,16.030595779418945,0.02494252286851406
random,n1,BraTS-GLI-00241-000,0.6034943461418152,17.19074058532715,0.019095271825790405
random,n1,BraTS-GLI-00504-000,0.8673610091209412,18.682296752929688,0.006835130043327808
random,n1,BraTS-GLI-00608-000,0.7116634845733643,18.902015686035156,0.01287651527673006
random,mean_n3,BraTS-GLI-00071-000,0.8536028265953064,18.103147506713867,0.015476939268410206
random,mean_n3,BraTS-GLI-01302-000,0.9307324290275574,21.07270622253418,0.007811409421265125
random,mean_n3,BraTS-GLI-00186-000,0.803566575050354,15.006315231323242,0.019164450466632843
random,mean_n3,BraTS-GLI-01266-000,0.7047942280769348,19.889848709106445,0.01025687251240015
random,mean_n3,BraTS-GLI-00085-000,0.7577226161956787,19.291471481323242,0.011501403525471687
random,mean_n3,BraTS-GLI-00386-000,0.7781606316566467,20.272172927856445,0.006638336926698685
random,mean_n3,BraTS-GLI-01122-000,0.6932962536811829,15.368439674377441,0.029050657525658607
random,mean_n3,BraTS-GLI-00204-000,0.5703337788581848,15.838414192199707,0.026071052998304367
random,mean_n3,BraTS-GLI-01110-000,0.6251187324523926,16.506155014038086,0.022355500608682632
random,mean_n3,BraTS-GLI-01171-000,0.9087380766868591,22.641984939575195,0.00544253783300519
random,mean_n3,BraTS-GLI-01490-000,0.814161479473114,19.654577255249023,0.010827846825122833
random,mean_n3,BraTS-GLI-00432-000,0.9681748747825623,22.806230545043945,0.004543301649391651
random,mean_n3,BraTS-GLI-01328-000,0.7625026106834412,18.900882720947266,0.012879873625934124
random,mean_n3,BraTS-GLI-00694-001,0.6624778509140015,19.34691619873047,0.011622732505202293
random,mean_n3,BraTS-GLI-01162-000,0.7630681991577148,21.42896270751953,0.007052403409034014
random,mean_n3,BraTS-GLI-01236-000,0.9517786502838135,20.130414962768555,0.009704172611236572
random,mean_n3,BraTS-GLI-01306-000,0.7444576025009155,15.340774536132812,0.016485650092363358
random,mean_n3,BraTS-GLI-01208-000,0.6992202997207642,17.871217727661133,0.011167586781084538
random,mean_n3,BraTS-GLI-00273-000,0.5489840507507324,18.02492904663086,0.015758218243718147
random,mean_n3,BraTS-GLI-01018-000,0.5943126082420349,18.277372360229492,0.014868343248963356
random,mean_n3,BraTS-GLI-00400-000,0.7060860395431519,21.041032791137695,0.006820689886808395
random,mean_n3,BraTS-GLI-00613-000,0.5524115562438965,16.38501739501953,0.022987842559814453
random,mean_n3,BraTS-GLI-00241-000,0.6133584380149841,17.466936111450195,0.017918694764375687
random,mean_n3,BraTS-GLI-00504-000,0.8823196887969971,19.12520408630371,0.006172425579279661
random,mean_n3,BraTS-GLI-00608-000,0.7141838669776917,19.05350112915039,0.01243511587381363
random,median_n3,BraTS-GLI-00071-000,0.8495297431945801,17.904911041259766,0.016199767589569092
random,median_n3,BraTS-GLI-01302-000,0.9299771785736084,21.041139602661133,0.007868393324315548
random,median_n3,BraTS-GLI-00186-000,0.802566409111023,15.033472061157227,0.019044987857341766
random,median_n3,BraTS-GLI-01266-000,0.7052052617073059,19.881303787231445,0.010277075693011284
random,median_n3,BraTS-GLI-00085-000,0.7568453550338745,19.248289108276367,0.011615958996117115
random,median_n3,BraTS-GLI-00386-000,0.7760151624679565,20.160022735595703,0.006811979226768017
random,median_n3,BraTS-GLI-01122-000,0.689708411693573,15.286578178405762,0.029603440314531326
random,median_n3,BraTS-GLI-00204-000,0.5705047249794006,15.801802635192871,0.026291755959391594
random,median_n3,BraTS-GLI-01110-000,0.6222200393676758,16.36859893798828,0.023074910044670105
random,median_n3,BraTS-GLI-01171-000,0.9082711338996887,22.608274459838867,0.005484947934746742
random,median_n3,BraTS-GLI-01490-000,0.8146904110908508,19.583066940307617,0.011007611639797688
random,median_n3,BraTS-GLI-00432-000,0.9679009914398193,22.773700714111328,0.004577459301799536
random,median_n3,BraTS-GLI-01328-000,0.7603984475135803,18.776378631591797,0.01325446367263794
random,median_n3,BraTS-GLI-00694-001,0.6561843156814575,19.249300003051758,0.01188693754374981
random,median_n3,BraTS-GLI-01162-000,0.7570837140083313,21.26995086669922,0.007315404247492552
random,median_n3,BraTS-GLI-01236-000,0.9486936926841736,19.799060821533203,0.010473552159965038
random,median_n3,BraTS-GLI-01306-000,0.7326215505599976,15.163333892822266,0.01717989146709442
random,median_n3,BraTS-GLI-01208-000,0.6946215629577637,17.779939651489258,0.011405431665480137
random,median_n3,BraTS-GLI-00273-000,0.5470433235168457,17.95125961303711,0.01602780446410179
random,median_n3,BraTS-GLI-01018-000,0.5921898484230042,18.191843032836914,0.015164059586822987
random,median_n3,BraTS-GLI-00400-000,0.7045251131057739,20.988069534301758,0.0069043757393956184
random,median_n3,BraTS-GLI-00613-000,0.5474048852920532,16.226280212402344,0.023843606933951378
random,median_n3,BraTS-GLI-00241-000,0.6093519926071167,17.342870712280273,0.018437961116433144
random,median_n3,BraTS-GLI-00504-000,0.8821479678153992,19.114341735839844,0.006187885999679565
random,median_n3,BraTS-GLI-00608-000,0.7122845649719238,18.9835147857666,0.012637127190828323
random,mean_n5,BraTS-GLI-00071-000,0.8512181639671326,17.98581314086914,0.015900790691375732
random,mean_n5,BraTS-GLI-01302-000,0.9301528930664062,21.012104034423828,0.007921174168586731
random,mean_n5,BraTS-GLI-00186-000,0.8022966384887695,14.959616661071777,0.019371632486581802
random,mean_n5,BraTS-GLI-01266-000,0.7090532183647156,19.98172950744629,0.010042152367532253
random,mean_n5,BraTS-GLI-00085-000,0.7690058946609497,19.409528732299805,0.011192030273377895
random,mean_n5,BraTS-GLI-00386-000,0.7785852551460266,20.37221336364746,0.006487202364951372
random,mean_n5,BraTS-GLI-01122-000,0.7008455395698547,15.47360610961914,0.028355633839964867
random,mean_n5,BraTS-GLI-00204-000,0.5696152448654175,15.85168743133545,0.025991490110754967
random,mean_n5,BraTS-GLI-01110-000,0.6245360970497131,16.52206039428711,0.022273771464824677
random,mean_n5,BraTS-GLI-01171-000,0.9089037775993347,22.66282844543457,0.005416479427367449
random,mean_n5,BraTS-GLI-01490-000,0.8110696077346802,19.688844680786133,0.010742751881480217
random,mean_n5,BraTS-GLI-00432-000,0.9689897894859314,22.887788772583008,0.004458777606487274
random,mean_n5,BraTS-GLI-01328-000,0.7596592903137207,18.835437774658203,0.013075437396764755
random,mean_n5,BraTS-GLI-00694-001,0.6655839681625366,19.39373779296875,0.0114981047809124
random,mean_n5,BraTS-GLI-01162-000,0.7648515105247498,21.49394416809082,0.00694766640663147
random,mean_n5,BraTS-GLI-01236-000,0.9493522047996521,19.772220611572266,0.010538475587964058
random,mean_n5,BraTS-GLI-01306-000,0.7425031661987305,15.41430950164795,0.01620613783597946
random,mean_n5,BraTS-GLI-01208-000,0.7021816968917847,17.897258758544922,0.011100538074970245
random,mean_n5,BraTS-GLI-00273-000,0.5546939969062805,18.143293380737305,0.015334532596170902
random,mean_n5,BraTS-GLI-01018-000,0.5977515578269958,18.336076736450195,0.014668723568320274
random,mean_n5,BraTS-GLI-00400-000,0.711689829826355,21.09377098083496,0.006738361436873674
random,mean_n5,BraTS-GLI-00613-000,0.5459290742874146,16.39202308654785,0.022950787097215652
random,mean_n5,BraTS-GLI-00241-000,0.6194130182266235,17.56841278076172,0.01750485971570015
random,mean_n5,BraTS-GLI-00504-000,0.8796771168708801,19.024574279785156,0.006317119114100933
random,mean_n5,BraTS-GLI-00608-000,0.7206050157546997,19.234092712402344,0.011928629130125046
random,median_n5,BraTS-GLI-00071-000,0.8512253761291504,17.930177688598633,0.016105791553854942
random,median_n5,BraTS-GLI-01302-000,0.9292314052581787,20.962081909179688,0.008012938313186169
random,median_n5,BraTS-GLI-00186-000,0.7995697259902954,14.900142669677734,0.01963874138891697
random,median_n5,BraTS-GLI-01266-000,0.7071213126182556,19.94415855407715,0.010129407048225403
random,median_n5,BraTS-GLI-00085-000,0.7621776461601257,19.247520446777344,0.011616688221693039
random,median_n5,BraTS-GLI-00386-000,0.7757415175437927,20.25481605529785,0.006664906162768602
random,median_n5,BraTS-GLI-01122-000,0.7026216387748718,15.469380378723145,0.02838323451578617
random,median_n5,BraTS-GLI-00204-000,0.5691591501235962,15.799177169799805,0.026307659223675728
random,median_n5,BraTS-GLI-01110-000,0.6217566132545471,16.3931827545166,0.022944658994674683
random,median_n5,BraTS-GLI-01171-000,0.9086383581161499,22.630111694335938,0.00545743852853775
random,median_n5,BraTS-GLI-01490-000,0.8093088865280151,19.64728546142578,0.010846045799553394
random,median_n5,BraTS-GLI-00432-000,0.9691187143325806,22.90325164794922,0.004442931618541479
random,median_n5,BraTS-GLI-01328-000,0.7575774192810059,18.764690399169922,0.013290180824697018
random,median_n5,BraTS-GLI-00694-001,0.6608281135559082,19.318784713745117,0.011698265559971333
random,median_n5,BraTS-GLI-01162-000,0.7578225135803223,21.344707489013672,0.007190560456365347
random,median_n5,BraTS-GLI-01236-000,0.9480644464492798,19.630977630615234,0.010886849835515022
random,median_n5,BraTS-GLI-01306-000,0.7354288697242737,15.231871604919434,0.016911771148443222
random,median_n5,BraTS-GLI-01208-000,0.6976323127746582,17.784997940063477,0.011391181498765945
random,median_n5,BraTS-GLI-00273-000,0.5500202775001526,18.05158805847168,0.015661781653761864
random,median_n5,BraTS-GLI-01018-000,0.5972641706466675,18.266014099121094,0.01490727998316288
random,median_n5,BraTS-GLI-00400-000,0.7107248902320862,21.05361557006836,0.006800957024097443
random,median_n5,BraTS-GLI-00613-000,0.5432165265083313,16.231201171875,0.023816600441932678
random,median_n5,BraTS-GLI-00241-000,0.6160714626312256,17.461008071899414,0.01794316992163658
random,median_n5,BraTS-GLI-00504-000,0.8776827454566956,18.937089920043945,0.0064456588588654995
random,median_n5,BraTS-GLI-00608-000,0.7185297608375549,19.148595809936523,0.012165792286396027
weighted,n1,BraTS-GLI-00071-000,0.8378891348838806,17.302532196044922,0.018610013648867607
weighted,n1,BraTS-GLI-01302-000,0.9361422061920166,21.79385757446289,0.006616284139454365
weighted,n1,BraTS-GLI-00186-000,0.8097520470619202,15.269804954528809,0.01803630217909813
weighted,n1,BraTS-GLI-01266-000,0.6895420551300049,19.359615325927734,0.01158879604190588
weighted,n1,BraTS-GLI-00085-000,0.7664192914962769,19.492027282714844,0.010977813974022865
weighted,n1,BraTS-GLI-00386-000,0.7653062343597412,20.394519805908203,0.00645671971142292
weighted,n1,BraTS-GLI-01122-000,0.8285536766052246,17.83481216430664,0.016463370993733406
weighted,n1,BraTS-GLI-00204-000,0.5384117960929871,15.659543991088867,0.027167240157723427
weighted,n1,BraTS-GLI-01110-000,0.6411550045013428,16.711830139160156,0.021321460604667664
weighted,n1,BraTS-GLI-01171-000,0.8737282752990723,21.68159294128418,0.006789544131606817
weighted,n1,BraTS-GLI-01490-000,0.8132873773574829,19.41065788269043,0.011453387327492237
weighted,n1,BraTS-GLI-00432-000,0.9735848903656006,22.881881713867188,0.004464846570044756
weighted,n1,BraTS-GLI-01328-000,0.755293607711792,17.864988327026367,0.016349373385310173
weighted,n1,BraTS-GLI-00694-001,0.6172431707382202,18.917709350585938,0.012830066494643688
weighted,n1,BraTS-GLI-01162-000,0.7548808455467224,20.18976593017578,0.009381345473229885
weighted,n1,BraTS-GLI-01236-000,0.9723988771438599,23.677915573120117,0.004287542309612036
weighted,n1,BraTS-GLI-01306-000,0.7144109606742859,15.089374542236328,0.01745034009218216
weighted,n1,BraTS-GLI-01208-000,0.6803076863288879,17.527448654174805,0.01217953022569418
weighted,n1,BraTS-GLI-00273-000,0.5364167094230652,16.59726333618164,0.02189139649271965
weighted,n1,BraTS-GLI-01018-000,0.5770728588104248,17.89957618713379,0.01621967740356922
weighted,n1,BraTS-GLI-00400-000,0.7147358059883118,20.538537979125977,0.007657334208488464
weighted,n1,BraTS-GLI-00613-000,0.5566747784614563,16.313844680786133,0.02336767129600048
weighted,n1,BraTS-GLI-00241-000,0.6164789795875549,17.337108612060547,0.018462441861629486
weighted,n1,BraTS-GLI-00504-000,0.8694590330123901,19.294763565063477,0.005936082452535629
weighted,n1,BraTS-GLI-00608-000,0.6985200047492981,18.438173294067383,0.014327901415526867
weighted,mean_n3,BraTS-GLI-00071-000,0.8507890105247498,17.675033569335938,0.017080340534448624
weighted,mean_n3,BraTS-GLI-01302-000,0.9331371784210205,21.576324462890625,0.006956126075237989
weighted,mean_n3,BraTS-GLI-00186-000,0.8135581016540527,15.241924285888672,0.01815245859324932
weighted,mean_n3,BraTS-GLI-01266-000,0.716277003288269,20.061763763427734,0.009858788922429085
weighted,mean_n3,BraTS-GLI-00085-000,0.760590672492981,19.225248336791992,0.011673432774841785
weighted,mean_n3,BraTS-GLI-00386-000,0.7895299792289734,21.320249557495117,0.005215988028794527
weighted,mean_n3,BraTS-GLI-01122-000,0.7972285151481628,17.75680923461914,0.016761742532253265
weighted,mean_n3,BraTS-GLI-00204-000,0.552976667881012,16.153789520263672,0.02424493432044983
weighted,mean_n3,BraTS-GLI-01110-000,0.689875066280365,18.136085510253906,0.015360006131231785
weighted,mean_n3,BraTS-GLI-01171-000,0.8785517811775208,22.117706298828125,0.006140862125903368
weighted,mean_n3,BraTS-GLI-01490-000,0.8294593095779419,19.87308692932129,0.010296535678207874
weighted,mean_n3,BraTS-GLI-00432-000,0.9737967252731323,22.936553955078125,0.0044089918956160545
weighted,mean_n3,BraTS-GLI-01328-000,0.7679324746131897,18.425886154174805,0.01436849869787693
weighted,mean_n3,BraTS-GLI-00694-001,0.6485939621925354,19.80195426940918,0.010466570034623146
weighted,mean_n3,BraTS-GLI-01162-000,0.7749229669570923,21.446786880493164,0.007023519836366177
weighted,mean_n3,BraTS-GLI-01236-000,0.9713944792747498,23.600717544555664,0.004364436492323875
weighted,mean_n3,BraTS-GLI-01306-000,0.7519959211349487,16.65947914123535,0.01215466670691967
weighted,mean_n3,BraTS-GLI-01208-000,0.7168430089950562,18.46671485900879,0.009816504083573818
weighted,mean_n3,BraTS-GLI-00273-000,0.5512490272521973,17.475988388061523,0.017881378531455994
weighted,mean_n3,BraTS-GLI-01018-000,0.60346519947052,18.94144630432129,0.01276013907045126
weighted,mean_n3,BraTS-GLI-00400-000,0.7305572032928467,21.070470809936523,0.006774608511477709
weighted,mean_n3,BraTS-GLI-00613-000,0.5711602568626404,17.2439022064209,0.018862953409552574
weighted,mean_n3,BraTS-GLI-00241-000,0.6424898505210876,18.37224769592285,0.014547053724527359
weighted,mean_n3,BraTS-GLI-00504-000,0.8792961835861206,19.55327606201172,0.005593052599579096
weighted,mean_n3,BraTS-GLI-00608-000,0.7103464007377625,18.82530403137207,0.013105977326631546
weighted,median_n3,BraTS-GLI-00071-000,0.8491453528404236,17.649154663085938,0.017182430252432823
weighted,median_n3,BraTS-GLI-01302-000,0.9319905638694763,21.504655838012695,0.007071872241795063
weighted,median_n3,BraTS-GLI-00186-000,0.8106178045272827,15.281952857971191,0.017986690625548363
weighted,median_n3,BraTS-GLI-01266-000,0.7104535102844238,19.893325805664062,0.01024866383522749
weighted,median_n3,BraTS-GLI-00085-000,0.7628905773162842,19.180482864379883,0.011794647201895714
weighted,median_n3,BraTS-GLI-00386-000,0.7854090929031372,21.250381469726562,0.005300439428538084
weighted,median_n3,BraTS-GLI-01122-000,0.7831540107727051,17.179054260253906,0.01914672553539276
weighted,median_n3,BraTS-GLI-00204-000,0.5517454743385315,16.10818862915039,0.024500839412212372
weighted,median_n3,BraTS-GLI-01110-000,0.6841456294059753,17.803516387939453,0.016582433134317398
weighted,median_n3,BraTS-GLI-01171-000,0.876220703125,21.894683837890625,0.0064644478261470795
weighted,median_n3,BraTS-GLI-01490-000,0.8244180083274841,19.727720260620117,0.010647015646100044
weighted,median_n3,BraTS-GLI-00432-000,0.973368227481842,22.8907413482666,0.004455748479813337
weighted,median_n3,BraTS-GLI-01328-000,0.7652946710586548,18.433237075805664,0.014344196766614914
weighted,median_n3,BraTS-GLI-00694-001,0.6368958950042725,19.49762535095215,0.011226318776607513
weighted,median_n3,BraTS-GLI-01162-000,0.7639931440353394,21.22317123413086,0.007394626270979643
weighted,median_n3,BraTS-GLI-01236-000,0.9715152978897095,23.60347557067871,0.004361666273325682
weighted,median_n3,BraTS-GLI-01306-000,0.7350301146507263,16.296119689941406,0.01321530994027853
weighted,median_n3,BraTS-GLI-01208-000,0.7101992964744568,18.315214157104492,0.010161773301661015
weighted,median_n3,BraTS-GLI-00273-000,0.5415597558021545,17.264562606811523,0.018773430958390236
weighted,median_n3,BraTS-GLI-01018-000,0.5981462597846985,18.636777877807617,0.0136874346062541
weighted,median_n3,BraTS-GLI-00400-000,0.723057210445404,20.868927001953125,0.007096408866345882
weighted,median_n3,BraTS-GLI-00613-000,0.5696343183517456,17.01300811767578,0.019892947748303413
weighted,median_n3,BraTS-GLI-00241-000,0.6323010325431824,18.049985885620117,0.01566755399107933
weighted,median_n3,BraTS-GLI-00504-000,0.8784446120262146,19.59635353088379,0.005537847056984901
weighted,median_n3,BraTS-GLI-00608-000,0.709152102470398,18.6087703704834,0.013775993138551712
weighted,mean_n5,BraTS-GLI-00071-000,0.8472700715065002,17.72794532775879,0.016873512417078018
weighted,mean_n5,BraTS-GLI-01302-000,0.9331521391868591,21.495079040527344,0.007087481673806906
weighted,mean_n5,BraTS-GLI-00186-000,0.8291229605674744,15.884432792663574,0.015656137838959694
weighted,mean_n5,BraTS-GLI-01266-000,0.7182136178016663,20.234798431396484,0.009473711252212524
weighted,mean_n5,BraTS-GLI-00085-000,0.7784953117370605,19.752378463745117,0.01033913716673851
weighted,mean_n5,BraTS-GLI-00386-000,0.7907457947731018,21.50255012512207,0.005001216661185026
weighted,mean_n5,BraTS-GLI-01122-000,0.7979196310043335,17.71109390258789,0.016939105466008186
weighted,mean_n5,BraTS-GLI-00204-000,0.5590355396270752,16.26198959350586,0.023648351430892944
weighted,mean_n5,BraTS-GLI-01110-000,0.6957336068153381,18.384918212890625,0.014504681341350079
weighted,mean_n5,BraTS-GLI-01171-000,0.8790332078933716,22.177398681640625,0.006057035643607378
weighted,mean_n5,BraTS-GLI-01490-000,0.8301399946212769,20.104080200195312,0.009763194248080254
weighted,mean_n5,BraTS-GLI-00432-000,0.9740444421768188,22.95509910583496,0.004390203859657049
weighted,mean_n5,BraTS-GLI-01328-000,0.768631100654602,18.644254684448242,0.013663893565535545
weighted,mean_n5,BraTS-GLI-00694-001,0.6553476452827454,19.830860137939453,0.010397140868008137
weighted,mean_n5,BraTS-GLI-01162-000,0.7826793193817139,21.603561401367188,0.006774504203349352
weighted,mean_n5,BraTS-GLI-01236-000,0.9709747433662415,23.500598907470703,0.004466218873858452
weighted,mean_n5,BraTS-GLI-01306-000,0.749948263168335,16.847379684448242,0.011640012264251709
weighted,mean_n5,BraTS-GLI-01208-000,0.7256332635879517,18.79896354675293,0.009075317531824112
weighted,mean_n5,BraTS-GLI-00273-000,0.5641460418701172,17.926809310913086,0.016118289902806282
weighted,mean_n5,BraTS-GLI-01018-000,0.6025071740150452,19.014497756958008,0.012547298334538937
weighted,mean_n5,BraTS-GLI-00400-000,0.7352094054222107,21.223766326904297,0.006539653055369854
weighted,mean_n5,BraTS-GLI-00613-000,0.5639798641204834,17.54533576965332,0.017598118633031845
weighted,mean_n5,BraTS-GLI-00241-000,0.654869019985199,18.59093475341797,0.013832680881023407
weighted,mean_n5,BraTS-GLI-00504-000,0.8782928586006165,19.581907272338867,0.005556299351155758
weighted,mean_n5,BraTS-GLI-00608-000,0.7300588488578796,19.479963302612305,0.011272069998085499
weighted,median_n5,BraTS-GLI-00071-000,0.8479552865028381,17.705461502075195,0.01696109026670456
weighted,median_n5,BraTS-GLI-01302-000,0.9326158165931702,21.502483367919922,0.0070754108019173145
weighted,median_n5,BraTS-GLI-00186-000,0.8233892917633057,15.888141632080078,0.01564277522265911
weighted,median_n5,BraTS-GLI-01266-000,0.7114958763122559,20.06390380859375,0.009853928349912167
weighted,median_n5,BraTS-GLI-00085-000,0.7748125195503235,19.58690071105957,0.01074059959501028
weighted,median_n5,BraTS-GLI-00386-000,0.7866235971450806,21.304378509521484,0.005234957672655582
weighted,median_n5,BraTS-GLI-01122-000,0.7865402102470398,17.273826599121094,0.018733428791165352
weighted,median_n5,BraTS-GLI-00204-000,0.5598697066307068,16.201940536499023,0.0239776149392128
weighted,median_n5,BraTS-GLI-01110-000,0.6919611692428589,18.01309585571289,0.01580120623111725
weighted,median_n5,BraTS-GLI-01171-000,0.877044677734375,21.97866439819336,0.00634064432233572
weighted,median_n5,BraTS-GLI-01490-000,0.8282730579376221,20.074312210083008,0.00983034260571003
weighted,median_n5,BraTS-GLI-00432-000,0.9736754894256592,22.92768096923828,0.004418008029460907
weighted,median_n5,BraTS-GLI-01328-000,0.7644540071487427,18.57962417602539,0.013868756592273712
weighted,median_n5,BraTS-GLI-00694-001,0.6461747884750366,19.528528213500977,0.011146719567477703
weighted,median_n5,BraTS-GLI-01162-000,0.7752642631530762,21.521747589111328,0.0069033307954669
weighted,median_n5,BraTS-GLI-01236-000,0.9720066785812378,23.510211944580078,0.004456345457583666
weighted,median_n5,BraTS-GLI-01306-000,0.7387340068817139,16.656085968017578,0.012164206244051456
weighted,median_n5,BraTS-GLI-01208-000,0.7184306979179382,18.571231842041016,0.009596029296517372
weighted,median_n5,BraTS-GLI-00273-000,0.5547472834587097,17.8337459564209,0.01646740920841694
weighted,median_n5,BraTS-GLI-01018-000,0.6047275066375732,18.7595272064209,0.013305990025401115
weighted,median_n5,BraTS-GLI-00400-000,0.7312102317810059,21.1101131439209,0.006713051348924637
weighted,median_n5,BraTS-GLI-00613-000,0.5656551122665405,17.34288215637207,0.018437914550304413
weighted,median_n5,BraTS-GLI-00241-000,0.6467785835266113,18.285432815551758,0.014840773306787014
weighted,median_n5,BraTS-GLI-00504-000,0.8776828646659851,19.5856876373291,0.0055514671839773655
weighted,median_n5,BraTS-GLI-00608-000,0.7235568165779114,19.02861785888672,0.012506567873060703
